{"cameraMode":{"drawMode":0,"name":"Shaded","section":"Shading Mode"},"sceneLighting":false,"audioPlay":false,"sceneViewState":{"m_AlwaysRefresh":false,"showFog":true,"showSkybox":false,"showFlares":true,"showImageEffects":true,"showParticleSystems":true,"showVisualEffectGraphs":true,"m_FxEnabled":true},"in2DMode":false,"pivot":{"x":0.41158759593963625,"y":0.730781078338623,"z":9.760540962219239},"rotation":{"x":0.00930909626185894,"y":0.00929388590157032,"z":-0.00008957899990491569,"w":0.9998941421508789},"size":0.8660253882408142,"orthographic":false}