{"cameraMode":{"drawMode":0,"name":"Shaded","section":"Shading Mode"},"sceneLighting":false,"audioPlay":false,"sceneViewState":{"m_AlwaysRefresh":false,"showFog":true,"showSkybox":false,"showFlares":true,"showImageEffects":true,"showParticleSystems":true,"showVisualEffectGraphs":true,"m_FxEnabled":true},"in2DMode":false,"pivot":{"x":-0.5585107803344727,"y":1.2473363876342774,"z":-0.15108871459960938},"rotation":{"x":-0.0026901208329945804,"y":0.0032945615239441396,"z":0.000005962112481938675,"w":0.9999715685844421},"size":3.6259067058563234,"orthographic":false}